year,content,doi,pdf,code,data,projects,featured,people
In press,"Czarnek, G., Jasko, K., Dudek, I., Brandt, M. J., & Piotrowska, M. (in press). Beyond content: Psychological structure of political beliefs. <i>Personality and Social Psychology Bulletin</i>",,https://osf.io/kztga/files/nast7,https://osf.io/mqn6e/overview?view_only=d28220b5779f434ca430b3f854921ec0,https://osf.io/mqn6e/overview?view_only=d28220b5779f434ca430b3f854921ec0,bsd,,
In press,"Peters, K. O., Jeftić, A., Ballard, T., Zhou, S., Steffens, N. K., Inceoglu, I., Ryan, M. K., Bongiorno, R., Eagly, A., Arriaga, P., Espinosa, A., Aczel, B., Adetula, A., Aglioti, S. M., Akca. E., Direkçi, E. A., Alizadeh, Z., Alonso-Arbiol, I., Amru, M. F., Andre, J., … Brandt, M. J. …  Ziółkowski, A. (in press). Think political leader – think he or she? A Multi-Country Test of a Gender-Fair Language Intervention to Reduce Gendered Leadership Stereotypes. <i>Leadership Quarterly</i>.",,https://osf.io/kztga/files/a4my2,https://osf.io/gjv2f/overview,https://osf.io/gjv2f/overview,improve,,
2026,"Tunç, M. N., Brandt, M. J., & Zeelenberg, M. (2026). Are regret and disappointment differentially associated with norm compliant and norm deviant failures? <i>Cognition and Emotion, 40</i>, 567-583.",https://doi.org/10.1080/02699931.2025.2524870,https://osf.io/vnuxe,https://osf.io/7hd5t/?view_only,https://osf.io/7hd5t/?view_only,,,tunc
2025,"Van Noord, J., Turner-Zwinkels, F., Kesberg, R., Brandt, M. J., Easterbrook, M. J., Kuppens, T., & Spruyt, B. (2025). The nature and structure of European belief systems: Exploring the varieties of belief systems across 23 European countries. <i>European Sociological Review, 41</i>, 143-161. ",https://doi.org/10.1093/esr/jcae011,https://osf.io/9r84f,,,bsd,,turnerzwinkels
2025,"Brandt, M. J. & Vallabha, S. (2025). Intraindividual changes in political identity strength (but not direction) are associated with political animosity in the United States and the Netherlands. <i>Personality and Social Psychology Bulletin, 51</i>, 828-844.",https://doi.org/10.1177/01461672231203471,https://osf.io/xr3pw,https://osf.io/sefg9/,https://osf.io/sefg9/,experiences,,vallabha
2025,"Brandt, M. J., Vallabha, S., & Turner-Zwinkels, F. (2025). The onset of the COVID-19 pandemic made people feel threatened, but had a limited impact on political attitudes in the United States. <i>Personality and Social Psychology Bulletin, 51</i>, 284-300.",https://doi.org/10.1177/01461672231190233,https://osf.io/ahtk6,https://osf.io/279gd/   ,,,,"turnerzwinkels, vallabha"
2025,"Cassario, A. L. & Brandt, M. J. (2025). Testing theories of threat, conservatism, and individual difference: Little evidence of personality based individual differences in ideological responses to threat. <i>Social Psychological and Personality Science, 16</i>, 657-668.",https://doi.org/10.1177/19485506241284688,https://osf.io/42tvs,https://osf.io/7x2ge/,https://osf.io/7x2ge/,bsd,,cassario
2025,"Cassario, A. L., Vallabha, S., Thompson, J. L., Carrillo, A., Solanki, P., Gnall, S., Rice, S., Wetherell, G. A., & Brandt, M. J. (2025). Registered report: Cognitive ability, but not cognitive reflection predicts expressing greater political animosity and favouritism. <i>British Journal of Social Psychology, 64</i>, e12814.",https://doi.org/10.1111/bjso.12814,https://osf.io/9k4yw,https://osf.io/t68z4/?view_only=d49d4f006864411a9592b8e76400eed7,,improve,,"cassario, vallabha"
2025,"Hasan, K. F. A., Yustisia, W., Milla, M. N., & Brandt, M. J. (2025). What is the most important issue in the political belief system in Indonesia? A network analysis of attitude and voting behavior in 2014 and 2019. <i>Makara Human Behavior Studies in Asia, 29</i>, 115-136.",https://doi.org/10.7454/hubs.asia.v29.i2.1601,https://osf.io/kztga/files/cd9ma,,,bsd,,
2025,"Johnson, B. B., Brandt, M. J., Turner-Zwinkels, F., & Swedlow, B. (2025). How alike are universal values, moral foundations, cultural theory, and cultural cognition theory? A comparison of theories, concepts, and measures. <i>Social Science Quarterly, 106</i>, e70107.",http://dx.doi.org/10.1111/ssqu.70107,https://osf.io/kztga/files/zq85e,,,,,turnerzwinkels
2025,"Kteily, N. S.+ & Brandt, M. J.+ (2025). Ideology: Psychological similarities and differences across the ideological spectrum re-examined. <i>Annual Review of Psychology, 76</i>, 501-529. +shared authorship",https://doi.org/10.1146/annurev-psych-020124-115253,https://osf.io/dghqn,,,bsd,x,
2025,"Lucas, R. E., Weidmann, R., & Brandt, M. J. (in press). Detecting spurious effects in cross-lagged panel models: Triangulation is not a valid test. <i>European Journal of Personality, 39</i>, 814-822..",https://doi.org/10.1177/08902070241297856,https://osf.io/preprints/psyarxiv/4uwt6,,,experiences,,
2025,"Ren, D., Loh W. W., Chung, J. M., & Brandt, M. J. (2025). Person-specific priorities in solitude. <i>Journal of Personality, 93</i>, 12-30.",https://doi.org/10.1111/jopy.12916,https://osf.io/5qwpy,https://osf.io/qn5zf/,https://osf.io/qn5zf/,,,
2025,"Suhay, E. & Brandt, M. J. (2025). Building community and advancing transparency in Political Psychology‚Äôs next chapter. <i>Political Psychology, 46</i>, 3-5.",https://doi.org/10.1111/pops.13074,https://osf.io/nybxm,,,,,
2025,"Thompson, J. L., Cassario, A., Vallabha, S., Rice, S., Gnall, S., Carrillo, A., Solanki, P., Brandt, M. J, & Wetherell, G. A. (2025) Stress testing predictive models of ideological prejudice. <i>PLoS ONE, 20</i>, e0334152",https://doi.org/10.1371/journal.pone.0334152,https://osf.io/kztga/files/hc78a,,,"bsd, wvc",,"cassario, vallabha"
2025,"Turner-Zwinkels, F. M., van Noord, J., Kesberg, R., Garcia-S√°nchez, E., Brandt, M. J., Kuppens, T., Easterbrook, M. J., Turner-Zwinkels, T., Gorska, P. Marchlewska, M., & Smets, L. (2025). Affective polarization and political belief systems: The role of political identity, and the content and structure of political beliefs. <i>Personality and Social Psychology Bulletin, 51</i>, 222-238.",https://doi.org/10.1177/01461672231183935,https://osf.io/he2ay,https://osf.io/stbpk/,,bsd,,turnerzwinkels
2025,"Zmigrod, L., Brandt, M. J., & Arceneaux, K. (2025). The organization (and disorganization) of attitudes. In E. C. Busby, C. F. Karpowitz, & C. J. Wong (Eds.), <i>Handbook of Innovations in Political Psychology</i> (pp. 304-328). Edward Elgar Publishing Limited.",https://doi.org/10.4337/9781803924830.00024,https://osf.io/7kw38,,,,,
2025,"Wetherell, G., Thompson, J. L., Cassario, A., Brandt, M. J., Gnall, S., Rice, S., Solanki, P., Vallabha, S., & Carillo, A. (2025). Do mismatches between individual and target group personality predict prejudice? <i>Collabra: Psychology, 11</i>, 136887.",https://doi.org/10.1525/collabra.136887,https://osf.io/jncps,https://osf.io/zy7u6/?view_only=e6f82290ab014f7582a42d8dfc14051c,https://osf.io/zy7u6/?view_only=e6f82290ab014f7582a42d8dfc14051c,wvc,,"cassario, vallabha"
2024,"Brandt, M. J., Vallabha, S., & Cassario, A. L. (2024). Is political identification a key for political animosity? In J. P. Forgas (Ed.), <i>The Tribal Mind and the Psychology of Collectivism</i>. Routledge.",https://www.taylorfrancis.com/chapters/edit/10.4324/9781003395836-21/political-identification-key-political-animosity-mark-brandt-shree-vallabha-abigail-cassario,https://osf.io/7v8wg,,,,,"cassario, vallabha"
2024,"Hall, B., Schmidt, K., Wagge, J., Lewis, S. C., Weissgerber, S., Kiunke, F., Pfuhl, G. ‚Ä¶ Brandt., M. J. ‚Ä¶ Buchanan, E. M. (2024). Registered replication report: A large multilab cross-cultural conceptual replication of Turri et al. (2015). <i>Advances in Methods and Practices in Psychological Science, 7</i>, 1-38.",https://doi.org/10.1177/25152459241267902,https://journals.sagepub.com/doi/epdf/10.1177/25152459241267902,https://osf.io/n5b3w/,https://osf.io/n5b3w/,improve,,
2024,"Kesberg, R., Brandt, M. J., Easterbrook, M., Spruyt, B., & Turner-Zwinkels, F. (2024). Finding (dis-)advantaged system justifiers ‚Äì A bottom-up approach to explore system justification theory. <i>European Journal of Social Psychology, 54</i>, 81-96.",https://doi.org/10.1002/ejsp.2989,https://osf.io/76cx5,https://osf.io/gvcfx/?view_only=62031f9f7b6147af8c3c615d11340c1c,https://osf.io/gvcfx/?view_only=62031f9f7b6147af8c3c615d11340c1c,,,turnerzwinkels
2024,"Kodapanakkala, R. I., Kogler, C., Brandt, M. J., & van Beest, I. (2024). Differences in information acquisition and justice sensitivity predict adoption of apps affecting own and others‚Äô privacy. <i>Acta Psychologica, 251</i>, 104589.",https://doi.org/10.1016/j.actpsy.2024.104589,https://osf.io/pqjtv,https://osf.io/ktwgd/,https://osf.io/ktwgd/,,,kodapanakkal
2024,"Turner-Zwinkels, F. M. & Brandt, M. J. (2024). Ideology strength vs. party identity strength: Ideology strength is the key predictor of attitude stability. <i>Personality and Social Psychology Bulletin, 51</i>, 125-138.",https://doi.org/10.1177/01461672231189015,https://osf.io/et73p,https://osf.io/gbvyk/?view_only=fc7b3022d9f0401cadac524c1dc44ad1,,bsd,,turnerzwinkels
2024,"Vallabha, S., Doriscar, J. E., & Brandt, M. J. (2024). When the specter of the past haunts current groups: Psychological antecedents of historical blame. <i>Journal of Personality and Social Psychology, 127</i>, 638‚Äì663. ",https://doi.org/10.1037/pspi0000452 ,https://osf.io/j3vp9,,,,,vallabha
2023,"Bergh, R. & Brandt, M. J. (2023). Generalized prejudice: Lessons about social power, ideological conflict, and levels of abstraction. <i>European Review of Social Psychology, 34</i>, 92-126.",https://doi.org/10.1080/10463283.2022.2040140,https://osf.io/nv48f/,,,"bsd, wvc",x,
2023,"Brandt, M. J. & Cassario, A. (2023). Distinguishing between worldview conflict and shared alliances: Commentary on Pinsof, Sears, and Haselton. <i>Psychological Inquiry, 34,</i> 168-174.",https://doi.org/10.1080/1047840X.2023.2274421,https://osf.io/5p7rm,,,wvc,,cassario
2023,"Brandt, M. J. & Vallabha, S. (2023). Inter-attitude centrality does not appear to reduce persuasion for political attitudes. <i>European Journal of Social Psychology</i>, 53, 1342-1358.",https://doi.org/10.1002/ejsp.2980,https://osf.io/cqkvt,https://osf.io/64zad/,https://osf.io/64zad/,,,vallabha
2023,"Evans., A. M., Stavrova, O., Rosenbusch, H., & Brandt, M. J. (2023). Expressions of doubt in online news discussions. <i>Social Science Computer Review, 41</i>, 163-180.",https://doi.org/10.1177/08944393211034163,https://osf.io/9vcyh/,,,,,
2023,"Isager, P. M., van Aert, R. C. M., Bahník, Š, Brandt, M. J., DeSoto, K. A., Giner-Sorolla, R., Krueger, J. I., Lakens, D. (2023). Deciding what to replicate: A decision model for replication study selection under resource and knowledge constraints. <i>Psychological Methods, 28</i>, 438-451.",https://doi.org/10.1037/met0000438,https://osf.io/duawg/,,,improve,,
2023,"Tunç, M . N., Brandt, M. J., & Zeelenberg, M. (2023). Not every dissatisfaction is the same: The impact of electoral regret, disappointment, and anger on subsequent electoral behavior. <i>Emotion, 23</i>, 554‚Äì568.",https://doi.org/10.1037/emo0001064,https://osf.io/6gu4h/,https://osf.io/pmexb/,https://osf.io/pmexb/,,,tunc
2023,"Wagge, J. R., Hurst, M. A., Brandt, M. J., Lazarvic, L. B., Legate, N., & Grahe, J. E. (2023). Teaching research in principle and in practice: What do psychology instructors think of research projects in their courses? <i>Psychology Learning and Teaching, 22</i>, 4-19.",https://doi.org/10.1177/14757257221101942,https://osf.io/x7mwr/,,,,,
2022,"Bergh, R. & Brandt, M. J. (2022). Mapping principal dimensions of prejudice in the United States. <i>Journal of Personality and Social Psychology, 123</i>, 154‚Äì173. ",https://doi.org/10.1037/pspi0000360,https://osf.io/a29my/,,,wvc,,
2022,"Bracic, A., Brandt, M. J., & Lajevardi, N. (2022). Minority politics online seminar series. <i>PS: Political Science & Politics, 55</i>, 557-558.",https://doi.org/10.1017/S1049096522000294,https://osf.io/f6gqa/,,,,,
2022,"Brandt, M. J. (2022). Measuring the belief system of a person. <i>Journal of Personality and Social Psychology, 123</i>, 830-853.",https://doi.org/10.1037/pspp0000416 ,https://osf.io/bxd7m/,https://osf.io/u9bew/?view_only=5d0bbefcb9434147a8c953f06cfc41dd ,https://osf.io/u9bew/?view_only=5d0bbefcb9434147a8c953f06cfc41dd ,bsd,x,
2022,"Brandt, M. J., Aron, A., Parker, M., Rodas, C., & Shaffer, M. (2022). Leftists possess more national consensus in Europe in one of two datasets. <i>Social Psychological and Personality Science, 13</i>, 862-874.",https://doi.org/10.1177/19485506211041825,https://osf.io/2fqhb/,https://osf.io/yktze/?view_only=None,,,,"aron, parker, rodas, shaffer"
2022,"Brandt, M. J. & Bakker, B. N. (2022). The complicated but solvable threat‚Äìpolitics relationship. <i>Trends in Cognitive Sciences, 26</i>, 368-370.",https://doi.org/10.1016/j.tics.2022.02.005,https://osf.io/9anvg/,,,,x,
2022,"Brandt, M. J. & Bakker, B. N. (2022). Threat-politics perceptions are intertwined with emotional processes. <i>Trends in Cognitive Sciences, 26</i>, 733-734.",https://doi.org/10.1016/j.tics.2022.05.009,https://osf.io/x2m96,,,,,
2022,"Brandt, M. J. & Morgan, G. S. (2022). Between-person methods provide limited insight about within-person belief systems. <i>Journal of Personality and Social Psychology, 123</i>, 621-635.¬†",https://doi.org/10.1037/pspp0000404,https://osf.io/4yg7t/,https://osf.io/htc8a/,https://osf.io/htc8a/,bsd,,
2022,"Curry, O. S. Alfano, M., Brandt, M. J., & Pelican, C. (2022). Moral molecules: Morality as a combinatorial system. <i>Review of Philosophy and Psychology, 13</i>, 1039-1058.",https://doi.org/10.1007/s13164-021-00540-x,https://osf.io/cyg3h/,,,,,
2022,"Kodapanakkal, R. I., Brandt, M. J., Kogler, C., & van Beest, I. (2022). Moral frames are persuasive and moralize attitudes; nonmoral frames are persuasive and de-moralize attitudes. <i>Psychological Science, 33</i>, 433-449. ",https://doi.org/10.1177/09567976211040803,https://osf.io/gjup5/,https://osf.io/zt6ab/?view_only=14968af11e8641b19fa2832c4a02f477,https://osf.io/zt6ab/?view_only=14968af11e8641b19fa2832c4a02f477,,,kodapanakkal
2022,"Kodapanakkal, R. I., Brandt, M. J., Kogler, C., & van Beest, I. (2022). Moral relevance varies due to inter-individual and intra-individual differences across big data technology domains. <i>European Journal of Social Psychology, 52</i>, 46-70. ",https://doi.org/10.1002/ejsp.2814,https://osf.io/5kfeg/,https://osf.io/v3j85/?view_only=43f106b0a47a4af7a15d6b2aad44d06c,https://osf.io/v3j85/?view_only=43f106b0a47a4af7a15d6b2aad44d06c,,,kodapanakkal
2022,"Turner-Zwinkels, F. M. & Brandt, M. J. (2022). Belief system networks can be used to predict where to expect dynamic constraint. <i>Journal of Experimental Social Psychology, 100</i>, 104279.",https://doi.org/10.1016/j.jesp.2021.104279,https://osf.io/s2hdc/,,,bsd,x,turnerzwinkels
2021,"Brandt, M. J., He, J., & Bender, M. (2021).¬†Registered report: Testing ideological asymmetries in measurement invariance.¬†<i>Assessment, 28</i>, 687-708.",https://doi.org/10.1177%2F1073191120983891,https://osf.io/k6rnj/,https://osf.io/eypfh/,,"bsd, improve",,
2021,"Brandt, M. J. & Kubin, E. (2021). Ratings of reasons for disagreement about 95 attitude object pairs and 190 attitude objects.¬†<i>Journal of Open Psychology Data, 9</i>, 4.",https://doi.org/10.5334/jopd.53,https://osf.io/ja7pv/,https://osf.io/p253v/,https://osf.io/p253v/,,,kubin
2021,"Brandt, M. J., & Sleegers, W. W. A. (2021). Evaluating belief system networks as a theory of political belief system dynamics. <i>Personality and Social Psychology Review, 25</i>, 159-185.",https://doi.org/10.1177%2F1088868321993751,https://osf.io/q5y9c/,https://osf.io/aswy8/,,bsd,x,
2021,"Brandt, M. J., Turner-Zwinkels, F. M., Karapirinler, B., van Leeuwen, F., Bender, M., van Osch, Y., & Adams, B. G. (2021). The association between threat and politics depends on the type of threat, the political domain, and the country. <i>Personality and Social Psychology Bulletin, 47</i>, 324-343.",https://doi.org/10.1177%2F0146167220946187,https://osf.io/5x2sa/,https://osf.io/8zafp/,https://osf.io/8zafp/,,,turnerzwinkels
2021,"Brandt, M. J., Turner-Zwinkels, F. M., & Kubin, E. (2021). Political psychology data from a 26-wave yearlong longitudinal study (2019-2020). <i>Journal of Open Psychology Data, 9</i>, 2.",http://doi.org/10.5334/jopd.54,https://osf.io/j8m94/,https://osf.io/3pwvb/,https://osf.io/3pwvb/,experiences,,"turnerzwinkels, kubin"
2021,"Colombo, M., Strangmann, K., Houkes, L., Kostadinova, Z. & Brandt, M. J. (2021). Intellectually humble, but prejudiced people. A paradox of intellectual virtue. <i>Review of Philosophy and Psychology, 12</i>, 353-371. ",https://doi.org/10.1007/s13164-020-00496-4,https://osf.io/6veam/,https://osf.io/k5qmw/,https://osf.io/k5qmw/,wvc,,
2021,"Jones, B., DeBruine, L., Flake, J., Aczel, B., Adamkovic, M., Alaei, R., ...Brandt, M. J. ... & V√°squez-Am√©zquita, M. (2021). To which world regions does the valence-dominance model of social perception apply?¬†<i>Nature Human Behaviour, 5</i>, 159-169.",https://doi.org/10.1038/s41562-020-01007-2,https://osf.io/9upz2/,https://osf.io/87rbg/,https://osf.io/87rbg/,,,
2021,"Stavrova, O., Evans, A. M., & Brandt, M. J. (2021). Ecological dimensions explain the past, but do not predict future changes in trust. <i>American Psychologist, 76</i>, 983-996.",https://doi.org/10.1037/amp0000815,https://osf.io/3zmj5/,https://osf.io/fx9eb/,https://osf.io/fx9eb/,experiences,,
2021,"Turner-Zwinkels, F. M., Sibley, C. G., Johnson, B. B., & Brandt, M. J. (2021). Conservatives moral foundations are more densely connected than liberals‚Äô moral foundations. <i>Personality and Social Psychology Bulletin, 47</i>, 167-184.",https://doi.org/10.1177%2F0146167220916070,https://osf.io/m4kzy/,https://osf.io/fqvxy/,,,,turnerzwinkels
2021,"Vaesen, K., Dusseldorp, G. L., & Brandt, M. J. (2021). An emerging consensus in palaeoanthropology: Demography was the main factor responsible for the disappearance of Neanderthals. <i>Scientific Reports, 11</i>, 4925.",https://doi.org/10.1038/s41598-021-84410-7,https://osf.io/35ube/,https://osf.io/z9rd3/?view_only=ac4fe309454447bab8337ab2e8664f54,https://osf.io/z9rd3/?view_only=ac4fe309454447bab8337ab2e8664f54,,,
2021,"Voelkel, J. G., Ren, D., & Brandt, M. J. (2021). Inclusion reduces political prejudice. <i>Journal of Experimental Social Psychology</i>, 95, 104149.",https://doi.org/10.1016/j.jesp.2021.104149,https://osf.io/7muny/,https://osf.io/jcmmp/,https://osf.io/jcmmp/,wvc,,voelkel
2020,"Brandt, M. J. (2020). Estimating and examining the replicability of belief system networks. <i>Collabra: Psychology, 6</i>, 24.",https://doi.org/10.1525/collabra.312,https://osf.io/53uts/,https://osf.io/csx2g/,,bsd,,
2020,"Brandt, M. J. & Crawford, J. T. (2020). Worldview conflict and prejudice. In B. Gawronski (Ed.) <i>Advances in Experimental Social Psychology, 61</i>, 1-66.",https://doi.org/10.1016/bs.aesp.2019.09.002,https://osf.io/t7vpw/,,,wvc,x,
2020,"Brandt, M. J., Kuppens, T., Spears, R., Andrighetto, L., Autin, F., Babincak, P. ‚Ä¶ & Zimmerman, J. L. (2020). Subjective status and perceived legitimacy across countries.¬†<i>European Journal of Social Psychology, 50</i>, 921-942.",https://doi.org/10.1002/ejsp.2694,https://osf.io/7knsb/,https://osf.io/5uxc7/,https://osf.io/5uxc7/,,,
2020,"Brandt, M. J. & Turner-Zwinkels, F. M. (2020). No additional evidence that proximity to the July 4th holiday affects affective polarization. <i>Collabra: Psychology, 6</i>, 39.",https://doi.org/10.1525/collabra.368,https://osf.io/u4bas/,https://osf.io/26bua/,https://osf.io/26bua/,,,turnerzwinkels
2020,"Crawford, J. T. & Brandt, M. J. (2020). Ideological (a)symmetries in prejudice and intergroup bias. <i>Current Opinion in Behavioral Sciences, 34</i>, 40-45.",https://doi.org/10.1016/j.cobeha.2019.11.007,https://osf.io/bnga2/,,,"bsd, wvc",,
2020,"Kodapanakkal, R.I., Brandt, M.J., Kogler, C., & van Beest, I., (2020). Self-interest and data protection drive the adoption and moral acceptability of big data technologies: A conjoint analysis approach.¬†<i>Computers in Human Behavior, 108</i>, 106303.",https://doi.org/10.1016/j.chb.2020.106303,https://osf.io/8rz9q/,,,,,kodapanakkal
2020,"Kubin, E. & Brandt, M. J. (2020). Identifying the domains of ideological similarities and differences in attitudes. <i>Comprehensive Results in Social Psychology, 4</i>, 53-77.",https://doi.org/10.1080/23743603.2020.1756242,https://osf.io/sd87z/,https://osf.io/gx3rn/,https://osf.io/gx3rn/,bsd,,kubin
2020,"Leighton, D., Brandt, M. J., & Kennedy, L. (2020). Political extremity, social media use, social support, and well-being for emerging adults during the 2016 presidential election campaign. <i>Emerging Adulthood, 8</i>, 285-296.",https://doi.org/10.1177/2167696818810618,https://osf.io/fzym7/,https://osf.io/tyn5q/,https://osf.io/y5azv/,,,
2020,"Tierney, W.,¬†Hardy, J. H., III.,¬†Ebersole, C.,¬†Leavitt, K.,¬†Viganola, D., Clemente, E.,¬†Gordon, M., Dreber, A.A., Johannesson, M., Pfeiffer, T.,¬†Hiring Decisions Forecasting Collaboration, & Uhlmann, E.L. (2020).¬†Creative destruction in science.¬†<i>Organizational Behavior and Human Decision Processes, 161</i>, 291-309.¬†(Member of Forecasting Collaboration).¬†",https://doi.org/10.1016/j.obhdp.2020.07.002,https://osf.io/7fj5s/,,,,,
2020,"Van Tongeren, D. R., Kubin, E., Crawford, J. T., & Brandt, M. J. (2020). The role of religious orientation in worldview conflict.¬†<i>International Journal for the Psychology of Religion, 30</i>, 231-242.",https://doi.org/10.1080/10508619.2020.1744317,https://osf.io/b3qja/,https://osf.io/8bfc2/,https://osf.io/8bfc2/,wvc,,kubin
2019,"Brandt, M. J. & Crawford, J. T. (2019). Studying a heterogeneous array of target groups can help us understand prejudice. <i>Current Directions in Psychological Science, 28</i>, 292-298.",https://doi.org/10.1177/0963721419830382,https://osf.io/2kcdf/,,,wvc,,
2019,"Brandt, M. J., Crawford, J. T., & Van Tongeren, D. (2019). Worldview conflict in daily life. <i>Social Psychological and Personality Science, 10</i>, 35-43.",https://doi.org/10.1177/1948550617733517,https://osf.io/shfw2/,https://dataverse.nl/dataset.xhtml?persistentId=hdl:10411/APY9ZO,https://dataverse.nl/dataset.xhtml?persistentId=hdl:10411/APY9ZO,wvc,,
2019,"Brandt, M. J., Sibley, C., & Osborne, D. (2019). What is central to belief system networks. <i>Personality and Social Psychology Bulletin, 45</i>,¬†1352-1364.¬†",https://doi.org/10.1177/0146167218824354,https://osf.io/6kgp5/,https://osf.io/mj5nh/,,bsd,,
2019,"Crawford, J. T., & Brandt, M. J. (2019). Who is prejudiced, and towards whom? The Big Five traits and generalized prejudice.¬†<i>Personality and Social Psychology Bulletin, 45</i>, 1455-1467.",https://doi.org/10.1177/0146167219832335,https://osf.io/zce8v/,,,wvc,,
2019,"Evans, A. M. & Brandt, M. J. (2019). Comparing the effects of hypothetical moral preferences on real-life and hypothetical behavior: Commentary on Bostyn, Sevenhant, and Roets (2018). <i>Psychological Science, 30</i>, 1380-1382.",https://doi.org/10.1177/0956797618815482,https://osf.io/eqz3a/,,,experiences,,
2019,"Frimer, J. A., Brandt, M. J., Melton, Z., & Motyl, M. (2019). Extremists on the left and right use angry, negative language. <i>Personality and Social Psychology Bulletin, 45</i>, 1216-1231.",https://doi.org/10.1177/0146167218809705,https://osf.io/2y7cv/,https://osf.io/va3hk/,https://osf.io/va3hk/,,,
2019,"Olsen, J., Kogler, C., Brandt, M. J., Dezs√∂, L., & Kirchler, E. (2019). Are consumption taxes really disliked more than equivalent costs? Inconclusive results in the USA and no effect in the UK.¬†<i>Journal of Economic Psychology, 75</i>, 102145.",https://doi.org/10.1016/j.joep.2019.02.001,https://osf.io/ygztk/,https://osf.io/q8g7f/,https://osf.io/q8g7f/,,,
2019,"Van Osch, Y. M. J., Zeelenberg, M., Breugelmans, S. M., & Brandt, M. J. (2019). Show or hide pride? Selective inhibition of pride expressions as a function of relevance of achievement domain. <i>Emotion, 19</i>, 334-347.",https://doi.org/10.1037/emo0000437,https://osf.io/62zsm/,,,,,
2019,"Voelkel, J. G., & Brandt, M. J. (2019). The effect of ideological identification on the endorsement of moral values depends on the target group.¬†<i>Personality and Social Psychology Bulletin, 45</i>, 851-863.¬†",https://doi.org/10.1177/0146167218798822,https://osf.io/fq3up/,https://osf.io/xyk4w/,https://osf.io/xyk4w/,bsd,,voelkel
2019,"Wagemans, F. A. M., Brandt, M. J., & Zeelenberg, M. (2019). Weirdness of disgust sensitivity items predicts their relationship to purity moral judgments. <i>Personality and Individual Differences, 146</i>, 182-187.",https://doi.org/10.1016/j.paid.2018.07.042,https://osf.io/x7ymz/,https://osf.io/f8g73/,https://osf.io/f8g73/,,,wagemans
2019,"Wagge, J. R., Brandt, M. J., Lazarevic, L. B., Legate, N., Christopherson, C., Wiggins, B., & Grahe, J. E. (2019). Publishing research with undergraduate students via replication work: The Collaborative Replications and Education Project. <i>Frontiers in Psychology, 10</i>, 247.",https://doi.org/10.3389/fpsyg.2019.00247,https://osf.io/jkns2/,,,improve,,
2019,"Watkins, H. M. & Brandt, M. J. (2019).¬†The moral landscape of war: A registered report testing how the war context shapes morality‚Äôs constraints on default representations of possibility. <i>Journal of Experimental Social Psychology, 85</i>, 103843.¬†",https://doi.org/10.1016/j.jesp.2019.103843,https://osf.io/79h2q/,https://osf.io/hs58y/,https://osf.io/hs58y/,improve,,
2018,"Brandt, M. J.  & Sp√§lti, A. K. (2018). Norms and explanations in social and political psychology. In J. T. Crawford & L. Jussim (Eds.) <i>Frontiers of Social Psychology Series: Politics of Social Psychology</i> (pp 26-43). Psychology Press.",https://doi.org/10.4324/9781315112619-3,https://osf.io/sp6b3/,,,,,spalti
2018,"Hofmann, W., Brandt, M. J., Wisneski, D. C., Rockenbach, B., & Skitka, L. J. (2018). Moral punishment in everyday life. <i>Personality and Social Psychology Bulletin, 44</i>, 1697-1711.",https://doi.org/10.1177/0146167218775075,https://osf.io/xn74z/,https://osf.io/2jqhm/,https://osf.io/2jqhm/,,,
2018,"IJzerman, H., Grahe, J., & Brandt, M. J. (2018). How to make replications mainstream. <i>Behavioral and Brain Sciences, 41</i>, e136.",https://doi.org/10.1017/S0140525X18000717,https://osf.io/7xyfz/,,,improve,,
2018,"Klein, R. A., Vianello, M., Hasselman, F., Adams B. G., Adams, R. B., Alper, S‚Ä¶.Brandt, M. J. ‚Ä¶Nosek, B. A. (2018). Many labs 2: Investigating variation in replicability across sample and setting. <i>Advances in Methods and Practices in Psychological Science, 1</i>, 443-490.",https://doi.org/10.1177/2515245918810225,https://osf.io/y5krc/,https://osf.io/8cd4r/wiki/home/,https://osf.io/8cd4r/wiki/home/,,,
2018,"Rutjens, B. T., & Brandt, M. J. (Eds.). (2018).¬†<i>Belief systems and the perception of reality</i>. Abington, UK: Routledge.",https://doi.org/10.4324/9781315114903,https://osf.io/5x3fa/,,,bsd,,
2018,"Skitka, L. J., Wisneski, D. C., & Brandt, M. J. (2018). Attitude moralization: Probably not intuitive or rooted in perceptions of harm. <i>Current Directions in Psychological Science, 27</i>, 9-13.",https://doi.org/10.1177/0963721417727861,https://osf.io/7xyfz/,,,,,
2018,"Voelkel, J. G., Brandt, M. J. & Colombo, M. (2018). I know that I know nothing: Can puncturing the illusion of explanatory depth overcome the relationship between attitudinal dissimilarity and prejudice? <i>Comprehensive Results in Social Psychology, 3</i>, 56-78.",https://doi.org/10.1080/23743603.2018.1464881,https://osf.io/egtfr/,https://osf.io/awr8v/,https://osf.io/awr8v/,wvc,,voelkel
2018,"Wagemans, F. M. A., Brandt, M. J., & Zeelenberg, M. (2018). Disgust sensitivity is primarily associated with purity-based moral judgments. <i>Emotion, 18</i>, 277-289.",https://doi.org/10.1037/emo0000359,https://osf.io/cvm7q/,https://osf.io/dspvr/,https://osf.io/dspvr/,,,wagemans
2017,"Brandt, M. J. (2017). Predicting ideological prejudice. <i>Psychological Science, 28</i>, 713-722.",https://doi.org/10.1177/0956797617693004,https://osf.io/z83cb/,https://osf.io/3xgtk/,https://osf.io/3xgtk/,"bsd, wvc",,
2017,"Brandt, M. J. & Reyna, C. (2017). Individual differences in the resistance to social change and acceptance of inequality predict system legitimacy differently depending on the social structure. <i>European Journal of Personality, 31</i>, 266-278.",https://doi.org/10.1002/per.2100,https://osf.io/5ajr3/,https://osf.io/f54qe/,https://osf.io/f54qe/,experiences,,
2017,"Brandt, M. J. & van Tongeren, D. R. (2017). People both high and low on religious fundamentalism are prejudiced towards dissimilar groups. <i>Journal of Personality and Social Psychology, 112</i>, 76-97.",https://doi.org/10.1037/pspp0000076,https://osf.io/fn3j7/,https://dataverse.nl/dataset.xhtml?persistentId=doi:10.34894/XZOIQH,https://dataverse.nl/dataset.xhtml?persistentId=doi:10.34894/XZOIQH,wvc,,
2017,"Brandt, M. J. & Wagemans, F. M. A. (2017). From the political here and now to generalizable knowledge. <i>Translational Issues in Psychological Science, 3</i>, 317-320.",https://doi.org/10.1037/tps0000126,https://osf.io/mbfz5/,,,,,wagemans
2017,"Collins, T. P., Crawford, J. T., & Brandt, M. J. (2017). No evidence for ideological asymmetry in dissonance avoidance: Unsuccessful close and conceptual replications of Nam, Jost, and van Bavel (2013). <i>Social Psychology, 48</i>, 123-134.",https://doi.org/10.1027/1864-9335/a000300,https://osf.io/4zrkn/,,,"bsd, improve",,
2017,"Crawford, J. T., Brandt, M. J., Inbar, Y., Chambers, J. R., & Motyl, M. (2017). Social and economic ideologies differentially predict prejudice across the political spectrum, but social issues are most divisive. <i>Journal of Personality and Social Psychology, 112</i>, 383-412.",https://doi.org/10.1037/pspa0000074,https://osf.io/3t2yk/,,,"bsd, wvc",,
2017,"Lammers, J., Koch, A., Conway, P., & Brandt, M. J. (2017). The political domain appears simpler to the politically extreme than to political moderates. <i>Social Psychological and Personality Science, 8</i>, 612-622.",https://doi.org/10.1177/1948550616678456,https://osf.io/xg7j6/,,,,,
2017,"Proulx, T. & Brandt, M. J. (2017). Beyond threat and uncertainty: The underpinnings of conservatism. <i>Social Cognition, 35</i>, 313-323",https://doi.org/10.1521/soco.2017.35.4.313,https://osf.io/dt29g/,,,,,
2017,"Sp√§lti, A. K., Brandt, M. J., & Zeelenberg, M. (2017). Memory retrieval processes help explain the incumbency advantage. <i>Judgment and Decision Making, 12</i>, 173-182.",http://journal.sjdm.org/16/16920a/jdm16920a.html,https://osf.io/mwb2d/,https://osf.io/2r93z/,https://osf.io/2r93z/,,,spalti
2017,"Suhay, E., Brandt, M. J., & Proulx, T. (2017). Lay belief in biopolitics and political prejudice. <i>Social Psychological and Personality Science, 8</i>, 173-182.",https://doi.org/10.1177/1948550616667615,https://osf.io/fdzyr/,,,wvc,,
2017,"van de Ven, N., Bogaert, A., Serlie, A., Brandt, M. J., & Denissen, J. J. A. (2017). Personality perception based on LinkedIn profiles. <i>Journal of Managerial Psychology, 32</i>, 418-429.",https://doi.org/10.1108/JMP-07-2016-0220,https://osf.io/ts6e5/,,,,,
2016,"Brandt, M. J., & Crawford, J. T. (2016). Answering unresolved questions about the relationship between cognitive ability and prejudice. <i>Social Psychological and Personality Science, 7</i>, 884-892.",https://doi.org/10.1177/1948550616660592,https://osf.io/tgzha/,https://osf.io/hvs9t/wiki/home/,,wvc,,
2016,"Brandt, M. J., Crawford, M., & Giner-Sorolla, R. (2016). Editorial: Special issue on confirmatory research. <i>Journal of Experimental Social Psychology, 67</i>, 1.",https://doi.org/10.1016/j.jesp.2016.03.003,https://osf.io/nhmb2/,,,,,
2016,"Brandt, M. J. & Proulx, T. (2016). Conceptual creep as a human (and scientific) goal. <i>Psychological Inquiry, 27</i>, 18-23.",https://doi.org/10.1080/1047840X.2016.1109577,https://osf.io/kf8vr/,,,,,
2016,"Brandt, M. J., Wetherell, G., &¬†Crawford, J. T. (2016). Moralization and intolerance of ideological outgroups. In Joseph P. Forgas, Lee Jussim, & Paul A. M. van Lange (Eds.)¬†<i>The Social Psychology of Morality</i>¬†(pp. 239-256). New York:¬†Routledge.",https://doi.org/10.4324/9781315644189-14,https://osf.io/kztga/files/7jr4q,,,"bsd, wvc",,
2016,"Crawford, J. T., Brandt, M. J., Inbar, Y., & Mallinas, S. (2016). Right-wing authoritarianism predicts prejudice equally toward ""gay men and lesbians"" and ""homosexuals."" <i>Journal of Personality and Social Psychology, 111</i>, e31-e45.",https://doi.org/10.1037/pspp0000070,https://osf.io/8x4m5/,https://osf.io/6x9qu/,https://osf.io/6x9qu/,wvc,,
2016,"Hagger, M. S., Chatzisarantis, N. L. D., Alberts, H., Anggono, C. O., Batailler, C., Birt, A., ‚Ä¶Brandt, M. J.,... Zwienenberg, M. (2016). A multi-lab pre-registered replication of the ego-depletion effect.¬†<i>Perspectives on Psychological Science, 11</i>, 546-573.",https://doi.org/10.1177/1745691616652873,https://osf.io/6k7c8/,https://osf.io/jymhe/,https://osf.io/jymhe/,improve,,
2016,"Kay, A. C. & Brandt, M. J. (2016). Ideology and intergroup inequality: Emerging directions and trends. <i>Current Opinion in Psychology, 11</i>, 110-114.",https://doi.org/10.1016/j.copsyc.2016.07.007,https://osf.io/7a2uz/,,,"bsd, wvc",,
2015,"Brandt, M. J., Chambers, J. R., Crawford, J. T., Wetherell, G., & Reyna, C. (2015). Bounded openness: The effect of openness to experience on intolerance is moderated by target group conventionality.¬†<i>Journal of Personality and Social Psychology, 109</i>, 549-568.",https://doi.org/10.1037/pspp0000055,https://osf.io/tqnes/,https://dataverse.nl/dataset.xhtml?persistentId=doi:10.34894/LK95TL,,wvc,,
2015,"Brandt, M. J., Evans, A. M., & Crawford, J. T. (2015). The unthinking or confident extremist? Political extremists are more likely to reject experimenter-generated anchors than moderates. <i>Psychological Science, 26</i>, 189-202.",https://doi.org/10.1177/0956797614559730,https://osf.io/u7kwe/,https://osf.io/9dvr5/,https://osf.io/9dvr5/,,,
2015,"Brandt, M. J., Henry, P. J., & Wetherell, G. (2015). The relationship between authoritarianism and life satisfaction changes depending on stigmatized status. <i>Social Psychology and Personality Science, 6</i>, 219-228.",https://doi.org/10.1177/1948550614552728,https://osf.io/2fn56/,https://dataverse.nl/file.xhtml?fileId=2565&datasetVersionId=34,,experiences,,
2015,"Brandt, M. J., & Proulx, T. (2015). QTIPs. Questionable theoretical and interpretive practices in social psychology. <i>Behavioral and Brain Sciences, 38</i>, 19-20. ",https://doi.org/10.1017/S0140525X14001149,https://osf.io/3m6a8/,,,,,
2015,"Brandt, M. J.,¬†Wetherell, G., &¬†Henry, P.J. (2015).¬†Changes in income predict change in social trust: A longitudinal analysis.¬†<i>Political Psychology, 36</i>, 761-768.",https://doi.org/10.1111/pops.12228,https://osf.io/2jkhv/,https://dataverse.nl/dataset.xhtml?persistentId=doi:10.34894/CJHN6D,,experiences,,
2015,"Brandt, M. J., Wisneski, D., & Skitka, L. (2015) Moralization and the 2012 U.S. Presidential Election campaign. <i>Journal of Social and Political Psychology, 3</i>, 211-237.",https://doi.org/10.23668/psycharchives.1694,https://osf.io/m754f/,https://dataverse.nl/dataset.xhtml?persistentId=doi:10.34894/IW67CX,,,,
2015,"Henry, P. J., Wetherell, G., & Brandt, M. J. (2015). Democracy as a legitimizing ideology. <i>Peace and Conflict: Journal of Peace Psychology, 21</i>, 648-664.",https://doi.org/10.1037/pac0000117,https://osf.io/5kvt6/,,,bsd,,
2015,"Hoffman, W., Wisneski, D. C., Brandt, M. J., & Skitka, L. J. (2015). Response to comment on Morality in everyday life. <i>Science, 348</i>, 767. ",https://doi.org/10.1126/science.aaa3053,https://osf.io/24n3d/,,,,,
2015,"Open Science Collaboration. (2015). Estimating the reproducibility of psychological science. <i>Science, 349</i>, aac4716-1-aac4716-8.",https://doi.org/10.1126/science.aac4716,https://osf.io/yabgh/,https://osf.io/ezcuj/,https://osf.io/ezcuj/,improve,,
2015,"Wetherell, G., Benson, O., Reyna, C., & Brandt, M. J. (2015). Perceived value congruence and attitudes toward international relations and foreign policies. <i>Basic & Applied Social Psychology, 37</i>, 3-18.",https://doi.org/10.1080/01973533.2014.973108,https://osf.io/pe6wk/,,,,,
2014,"Brandt, M. J., IJzerman, H., & Blanken, I. (2014). Does recalling moral behavior change the perception of brightness? A replication and meta-analysis of Banerjee, Chatterjee, & Sinha (2012). <i>Social Psychology, 45</i>, 246-252.",https://doi.org/10.1027/1864-9335/a000191,https://osf.io/5a3wj/,https://osf.io/seqgd/,https://osf.io/seqgd/,"experiences, improve",,
2014,"Brandt, M. J., IJzerman, H., Dijksterhuis, A., Farach, F. J., Geller, J., Giner-Sorolla, R., Grange, J., A., Perugini, M., Spies, J. R., & van 't Veer, A. E. (2014). The Replication Recipe: What Makes for a Convincing Replication?¬†<i>Journal of Experimental Social Psychology, 50</i>, 217-224.",https://doi.org/10.1016/j.jesp.2013.10.005,https://osf.io/f8xjk/,,,improve,,
2014,"Brandt, M. J., & Reyna, C. (2014). To love or hate thy neighbor: The role of core motives in explaining the link between fundamentalism and racial prejudice. <i>Political Psychology, 35</i>, 207-223.",https://doi.org/10.1111/pops.12077,https://osf.io/g65bu/,https://dataverse.nl/dataset.xhtml?persistentId=doi:10.34894/PIUB6H,,wvc,,
2014,"Brandt, M. J., Reyna, C., Chambers, J., Crawford, J., & Wetherell, G. (2014).¬†The ideological-conflict hypothesis: Intolerance among both liberals and conservatives. <i>Current Directions in Psychological Science, 23</i>, 27-34.",https://doi.org/10.1177/0963721413510932,https://osf.io/tqdzj/,,,"bsd, wvc",,
2014,"Brandt, M. J., Wetherell, G., & Reyna, C. (2014). Liberals and conservatives can show similarities in negativity bias. <i>Behavioral and Brain Sciences, 37</i>, 307-308.",https://doi.org/10.1017/S0140525X13002513,https://osf.io/2dywb/,,,,,
2014,"Henry, P. J., Butler, S., & Brandt, M. J. (2014). The influence of target group status on the perception of the offensiveness of group-based slurs.¬†<i>Journal of Experimental Social Psychology, 53</i>, 185-192.",https://doi.org/10.1016/j.jesp.2014.03.012,https://osf.io/dpycb/,,,,,
2014,"Hofmann, W., Wisneski, D. C., Brandt, M. J., & Skitka, L. J. (2014) Morality in everyday life. <i>Science, 345</i>, 1340-1343.",https://doi.org/10.1126/science.1251560,https://osf.io/8jb9u/,https://dataverse.harvard.edu/dataset.xhtml;jsessionid=1d0e0cc5c5ee1662c15a4858bcfe?persistentId=doi%3A10.7910/DVN/26910&version=4.0,https://dataverse.harvard.edu/dataset.xhtml;jsessionid=1d0e0cc5c5ee1662c15a4858bcfe?persistentId=doi%3A10.7910/DVN/26910&version=4.0,,,
2014,"IJzerman, H., Blanken, I., Brandt, M. J., Oerlemans, J. M., Van den Hoogenhof, M. M. W., Franken, S. J. M., & Oerlemans, M. W. G. (2014). Sex differences in distress from infidelity in early adulthood and in later life: A replication and meta-analysis of Shackelford et al. (2004). <i>Social Psychology, 45</i>, 202-208.",https://doi.org/10.1027/1864-9335/a000185,https://osf.io/ctehq/,https://osf.io/nrbjz/,https://osf.io/nrbjz/,improve,,
2014,"Klein, R. A., Ratliff, K. A., Vianello, M., Adams, R. B., Jr., Bahn√≠k, ≈†., Bernstein, M. J., ...¬†Brandt, M. J., ... & Nosek, B. A. (2014). Data from investigating variation in replicability: A ""many labs"" replication project.¬†<i>The Journal of Open Psychology Data, 2</i>, e4.",ttps://doi.org/10.5334/jopd.ad,https://osf.io/jmpn4/,https://osf.io/wx7ck/,,improve,,
2014,"Klein, R. A., Ratliff, K. A., Vianello, M., Adams, R. B., Jr., Bahn√≠k, ≈†., Bernstein, M. J., ...¬†Brandt, M. J., ... & Nosek, B. A. (2014). Investigating variation in replicability: A ‚Äúmany labs‚Äù replication project.¬†<i>Social Psychology, 45</i>, 142-152.",https://doi.org/10.1027/1864-9335/a000178,https://osf.io/xkbgv/,https://osf.io/wx7ck/,https://osf.io/wx7ck/,improve,,
2014,"Klein, R. A., Ratliff, K. A., Vianello, M., Adams, R. B., Jr., Bahn√≠k, ≈†., Bernstein, M. J., ...¬†Brandt, M. J., ... & Nosek, B. A. (2014). Theory building through iterative replication: Response to commentaries on the ""Many Labs"" replication project.¬†<i>Social Psychology, 45</i>, 307-310.",https://doi.org/10.1027/1864-9335/a000202,https://osf.io/drwns/,,,improve,,
2014,"Reyna, C., Wetherell, G. W., Brandt, M. J., & Yantis, C. (2014). Attributions for sexual orientation vs. stereotypes: How stereotypes about value violations account for attribution effects on anti-gay discrimination. <i>Journal of Applied Social Psychology, 44</i>, 289-302.",https://doi.org/10.1111/jasp.12226,https://osf.io/d8a4p/,,,,,
2013,"Brandt, M. J.¬†(2013). Do the disadvantaged legitimize the social system? A large-scale test of the status-legitimacy hypothesis.¬†<i>Journal of Personality and Social Psychology, 104</i>, 765-785. <a href = ""https://osf.io/vdprg/"">Footnote 7 Results</a>| <a href = ""https://osf.io/bsxaq/"">Footnote 9 Results</a> |",https://doi.org/10.1037/a0031751,https://osf.io/bcnuy/,https://dataverse.nl/dataset.xhtml?persistentId=doi:10.34894/QKPDH7,,,,
2013,"Brandt, M, J. (2013). Onset and offset deservingness: The case of home foreclosures. <i>Political Psychology, 34</i>, 221-238.",https://doi.org/10.1111/j.1467-9221.2012.00931.x,https://osf.io/5erxs/,,http://www.tessexperiments.org/study/brandt708,,,
2013,"IJzerman, H., Brandt, M. J., & Van Wolferen, J. (2013). Rejoice! In replication. <i>European Journal of Personality, 27</i>, 128-129.",,https://osf.io/wv3jc/,,,improve,,
2013,"Wetherell, G., Brandt, M. J., & Reyna, C. (2013) Discrimination across the ideological divide: The role of perceptions of value violations and abstract values in discrimination by liberals and conservatives. <i>Social Psychological and Personality Science, 4</i>, 658-667.",https://doi.org/10.1177/1948550613476096,https://osf.io/xn3qa/,,,bsd,,
2012,"Brandt, M. J. (2012). Nasty data can still be real: A reply to Ullrich and Schl√ºter. <i>Psychological Science, 23</i>, 826-827.",https://doi.org/10.1177/0956797612441610,https://osf.io/mj8he/,,,,,
2012,"Brandt, M. J. & Henry, P. J. (2012a). Gender inequality and gender differences in authoritarianism. <i>Personality and Social Psychology Bulletin, 38</i>, 1301-1315.",ttps://doi.org/10.1177/0146167212449871,https://osf.io/h2gka/,,,,,
2012,"Brandt, M. J., & Henry, P. J. (2012b). Psychological defensiveness as a mechanism explaining the relationship between low socioeconomic status and religiosity. <i>International Journal for the Psychology of Religion, 22</i>, 321-332.",https://doi.org/10.1080/10508619.2011.646565,https://osf.io/y5dvz/,,,,,
2012,"Brandt, M. J., & Reyna, C. (2012). The functions of symbolic racism. <i>Social Justice Research, 25</i>, 41-60.",https://doi.org/10.1007/s11211-012-0146-y,https://osf.io/s2u43,,,,,
2012,"Brandt, M. J. & Wetherell, G. (2012). What attitudes are moral attitudes? The case of attitude heritability. <i>Social Psychological and Personality Science, 3</i>, 172-179.",https://doi.org/10.1177/1948550611412793,https://osf.io/jmtac/,,,,,
2012,"Open Science Collaboration. (2012). An open, large-scale, collaborative effort to estimate the reproducibility of psychological science.¬†<i>Perspectives on Psychological Science, 7</i>, 652-655.¬†",https://doi.org/10.1177/1745691612462588,https://osf.io/en7gz/,,,improve,,
2011 and Earlier,"Brandt, M. J. (2011). Sexism and gender inequality across 57 societies. <i>Psychological Science, 22</i>, 1413 - 1418.",https://doi.org/10.1177/0956797611420445,https://osf.io/bc8pe/,,,,,
2011 and Earlier,"Brandt, M. J., & Reyna, C.  (2011). The chain of being: A hierarchy of morality. <i>Perspectives on Psychological Science, 6</i>, 428-446.",https://doi.org/10.1177/1745691611414587,https://osf.io/cfs5n/,,,,,
2011 and Earlier,"Brandt, M. J., & Reyna, C. (2011). Stereotypes as attributions. In E. L. Simon (Ed.) <i>Psychology of Stereotypes</i> (pp. 47-80). Hauppauge, NY: Nova Science Publishers",,https://osf.io/s9qzt/,,,,,
2011 and Earlier,"Brandt, M. J., & Reyna, C. (2010). The role of prejudice and the need for closure in religious fundamentalism. <i>Personality and Social Psychology Bulletin, 36</i>, 715-725.",https://doi.org/10.1177/0146167210366306,https://osf.io/dj7b3/,,,wvc,,
2011 and Earlier,"Reyna, C., Brandt, M., & Viki, G. T. (2009). Blame it on hip-hop: Anti-rap attitudes as a proxy for prejudice. <i>Group Processes and Intergroup Relations, 12</i>, 361-380.",https://doi.org/10.1177/1368430209102848,https://osf.io/ndw5k/,,,wvc,,
Preprints,"Sp√§lti, A., Brandt, M. J., & Zeelenberg, M. (2019, November 10). Comparing the Effects of Decision Time and Direct Decision Processing Information on (Moral) Character Evaluations. <i>PsyArXiv</i>.",https://doi.org/10.31234/osf.io/6vezd,https://psyarxiv.com/6vezd/download,https://osf.io/abexc/,https://osf.io/abexc/,,,spalti
Preprints,"Sp√§lti, A., Brandt, M. J., & Zeelenberg, M. (2019, July 12). The effects of decision time on perceptions of decisions and decision makers in (moral) trade-off scenarios. <i>PsyArXiv</i>.",https://doi.org/10.31234/osf.io/37t2r,https://psyarxiv.com/37t2r/download,https://osf.io/wg395/,https://osf.io/wg395/,,,spalti
Preprints,"Sp√§lti, A., Brandt, M. J., & Zeelenberg, M. (2019, July 6). Endowment vs. previous preferences: Which cue drives consumer decision-making? <i>PsyArXiv</i>.",https://doi.org/10.31234/osf.io/gqv72,https://psyarxiv.com/gqv72/download,https://osf.io/k5cq9/,https://osf.io/k5cq9/,,,spalti
Preprints,"Wagemans, F. M. A., Brandt, M. J., & Zeelenberg, M. (2018, July 2). Disgust sensitivity and moral judgments of purity: The role of transgression weirdness. <i>PsyArXiv</i>.",https://doi.org/10.31234/osf.io/c5h42,https://psyarxiv.com/c5h42/download,https://osf.io/v89t3/,https://osf.io/v89t3/,,,wagemans
Preprints,"Wagemans, F. M. A., Sleegers, W., Brandt, M. J., & Zeelenberg, M. (2019, July 15). Attentional biases associated with individual differences in disgust sensitivity: An eye tracking study. <i>PsyArXiv</i>.",https://doi.org/10.31234/osf.io/k53ec,https://psyarxiv.com/k53ec/download,,,,,wagemans